<?xml version="1.0" encoding="UTF-8"?>
<beans xmlns="http://www.springframework.org/schema/beans"
       xmlns:xsi="http://www.w3.org/2001/XMLSchema-instance"
       xmlns:p="http://www.springframework.org/schema/p"
       xmlns:aop="http://www.springframework.org/schema/aop"
       xmlns:tx="http://www.springframework.org/schema/tx"
       xsi:schemaLocation="http://www.springframework.org/schema/beans http://www.springframework.org/schema/beans/spring-beans-2.5.xsd
       http://www.springframework.org/schema/aop http://www.springframework.org/schema/aop/spring-aop-2.5.xsd
       http://www.springframework.org/schema/tx http://www.springframework.org/schema/tx/spring-tx-2.5.xsd">

    <bean id="propertyConfigurer"
          class="org.springframework.beans.factory.config.PropertyPlaceholderConfigurer"
          p:location="/WEB-INF/jdbc.properties" />

    <bean id="dataSource"
          class="org.apache.commons.dbcp.BasicDataSource"
          destroy-method="close"
          p:driverClassName="${jdbc.driverClassName}"
          p:url="${jdbc.url}"
          p:username="${jdbc.username}"
          p:password="${jdbc.password}" />

    <!-- ADD PERSISTENCE SUPPORT HERE (jpa, hibernate, etc) -->
    <bean id="sessionFactory"
          class="org.springframework.orm.hibernate3.LocalSessionFactoryBean">
          <property name="dataSource" ref="dataSource"/>
          <property name="mappingResources">
              <list>
                  <value>training/springmvc/crud/model/person.hbm.xml</value>
              </list>
          </property>
          <property name="hibernateProperties">
              <value>hibernate.dialect=org.hibernate.dialect.MySQLDialect</value>
          </property>
    </bean>

    <!-- Transaction Manager -->
    <bean id="txManager" class="org.springframework.orm.hibernate3.HibernateTransactionManager">
        <property name="sessionFactory" ref="sessionFactory"/>
    </bean>

    <!-- Service -->
    <bean id="personService" class="org.springframework.transaction.interceptor.TransactionProxyFactoryBean">
        <property name="target">
            <bean class="training.springmvc.crud.service.PersonServiceImpl">
                <property name="personDAO" ref="personDAO"/>
            </bean>
        </property>
        <property name="transactionAttributes">
            <props>
                <prop key="get*">PROPAGATION_SUPPORTS,readOnly</prop>
                <prop key="*">PROPAGATION_REQUIRED</prop>
            </props>
        </property>
    </bean>

    <!-- DAO -->
    <bean id="personDAO" class="training.springmvc.crud.dao.PersonDAOHib"
        p:sessionFactory="sessionFactory"
        p:sessionFactory-ref="sessionFactory"/>

</beans>