<?xml version="1.0" encoding="UTF-8"?>
<!DOCTYPE hibernate-mapping PUBLIC "-//Hibernate/Hibernate Mapping DTD 3.0//EN" "http://hibernate.sourceforge.net/hibernate-mapping-3.0.dtd">
<hibernate-mapping>
  <class name="training.springmvc.crud.model.Person" schema="crud" table="tbl_person">
    <id column="id" name="id">
      <generator class="native"/>
    </id>
    <property column="name" name="name"/>
    <property column="gender" name="gender"/>
    <property column="dob" name="dob"/>
  </class>
</hibernate-mapping>
